INSERT INTO "country" ("country_id","name","two_char_code","three_char_code","call_code","is_active") VALUES (1,'DYXFANzqTNMQvU','O','0',NULL,1);
 
 
INSERT INTO "country" ("country_id","name","two_char_code","three_char_code","call_code","is_active") VALUES (2,'EaAC4GYerQ5OSl4lZ8','L3','0',NULL,0);
 
 
INSERT INTO "country" ("country_id","name","two_char_code","three_char_code","call_code","is_active") VALUES (3,'MopwhiT7QwJ5k00Ep5T0BlmjmOQ4rNXr81RUCEa7e6HgTLChx','5','k4','12PDJfw0ZQ',1);
 
 
INSERT INTO "country" ("country_id","name","two_char_code","three_char_code","call_code","is_active") VALUES (4,'trCqbFtCdjq4wJGZsKIQSWwaLT6L4ghbGLzb6wTtBC2SBnx','sk','R','MWEUBtbtU',1);
 
 
INSERT INTO "country" ("country_id","name","two_char_code","three_char_code","call_code","is_active") VALUES (5,'QT506q38f6TvdAnLWoWXCSSUV6lopPGZlHrCpakNoq','Wg','V',NULL,0);
 
 
INSERT INTO "country" ("country_id","name","two_char_code","three_char_code","call_code","is_active") VALUES (6,'d','Tz','1','1',0);
 
 
INSERT INTO "country" ("country_id","name","two_char_code","three_char_code","call_code","is_active") VALUES (7,'sOc','8','5h','GC7I3',0);
 
 
INSERT INTO "country" ("country_id","name","two_char_code","three_char_code","call_code","is_active") VALUES (8,'rPzcpdbQ','V','M','VoGTOf6',0);
 
 
INSERT INTO "country" ("country_id","name","two_char_code","three_char_code","call_code","is_active") VALUES (9,'Vad7wySIT87zwsZD101XnNXHi1C21e4tPtEgID','e','s',NULL,0);
 
 
INSERT INTO "country" ("country_id","name","two_char_code","three_char_code","call_code","is_active") VALUES (10,'JOcqvt35pXTB4FsajiRHzNKub1hWqKoT','d','GR','0Jen',1);






 
INSERT INTO "location_type" ("location_type_id","name","description") VALUES (1,'Harbour','This is a description 3202708');
 
 
INSERT INTO "location_type" ("location_type_id","name","description") VALUES (2,'Ag2zYqJdxB0','This is a description 5834848');
 
 
INSERT INTO "location_type" ("location_type_id","name","description") VALUES (3,'TcpgUp1CspF56xTPmAGKl3seWqe1HDe','Description number 3940893');
 
 
INSERT INTO "location_type" ("location_type_id","name","description") VALUES (4,'7s3bwAfPnNF2E5VH','This is a description 1122662');
 
 
INSERT INTO "location_type" ("location_type_id","name","description") VALUES (5,'yePAzHg7yNco8AAPEXaLydrg1rSz1HOvjyKSxxvnnd8KT7GPba','Description number 0720701');
 
 
INSERT INTO "location_type" ("location_type_id","name","description") VALUES (6,'r2',NULL);
 
 
INSERT INTO "location_type" ("location_type_id","name","description") VALUES (7,'NXfgTzdayoZMRF7jbAg6gp6wejOjdSErnMZfTTtsK0Ho','Description number 9835449');
 
 
INSERT INTO "location_type" ("location_type_id","name","description") VALUES (8,'0WaRLBbPghUfJ0SFLJdgwarbMd22O6ymh47aCIX48IU5',NULL);
 
 
INSERT INTO "location_type" ("location_type_id","name","description") VALUES (9,'JWnoZCgPQg6oIvK45pVlPn7zOssCPs1VdEXj5G7823YiD8Bo','This is a description 6749800');
 
 
INSERT INTO "location_type" ("location_type_id","name","description") VALUES (10,'lAFkbfpo5tDFt',NULL);




INSERT INTO "location" ("location_id","country_id","location_type_id","location_source_id","municipality_id","location_code","location_no","post_code","name") VALUES (1,3,1,NULL,NULL,'hOWUK1yLUWqeoHUmyY3NerIloFUWlN3wIYkJIeHi3eUdV',NULL,'aOPdU35V21FVOHWL588gdvyf0Ct0fmNxLWXyswexDVS0R7','nKhfk0E');
 
 
INSERT INTO "location" ("location_id","country_id","location_type_id","location_source_id","municipality_id","location_code","location_no","post_code","name") VALUES (2,3,2,NULL,NULL,'IKdMTSp0UVSsvJGIijgjjpPYQ5',119171,'Go','k4XBMHjqWGwZuxHYgkaJRWiNxi0eTU2eQG0uAYtRRBgxueaQ8bi3bCYFRrqO4krOCEG2DuXmG');
 
 
INSERT INTO "location" ("location_id","country_id","location_type_id","location_source_id","municipality_id","location_code","location_no","post_code","name") VALUES (3,3,3,NULL,NULL,'JqeHdlh66Swnc80b0bwfjKsBzoQC',7110,'StHlwJnGFbgnNC5Qt3M','pnTij1yn0BfLySbRyWsvnQe8QwejYP5tyC5IluhMAFV');
 
 
INSERT INTO "location" ("location_id","country_id","location_type_id","location_source_id","municipality_id","location_code","location_no","post_code","name") VALUES (4,3,5,NULL,NULL,'rFOqafSZED67UNoLPGpfzu',650316,'zQya2FwNnB43NYHhjAucoTDSxY4RLLQo01nfGOS6HUgV4XzjPL','T2lqwhFVOszkVKB3OlYG5Qbv7PDYa0iWy3OtbDjPx2EnXlfZLFTRzF6BVyRQPRm5VMxFKpRorKx');
 
 
INSERT INTO "location" ("location_id","country_id","location_type_id","location_source_id","municipality_id","location_code","location_no","post_code","name") VALUES (5,3,2,NULL,NULL,'Fa4sovzqv0dpdjXtEmyHxMFnoxwjk6ZYm6csFu5SqOqGogsgKx',458832,'TkxubBE77js5DAVs7qg','r4N2lWFhU0jYbqtWJH5CHtc5pgte8112IMdH1GEuBhOdhsVvQty');
 
 
INSERT INTO "location" ("location_id","country_id","location_type_id","location_source_id","municipality_id","location_code","location_no","post_code","name") VALUES (6,3,1,NULL,NULL,'4IVgEtJQPtUGYTYOOClZIuthFO',NULL,NULL,'JtmSrTEiDZL');
 
 
INSERT INTO "location" ("location_id","country_id","location_type_id","location_source_id","municipality_id","location_code","location_no","post_code","name") VALUES (7,6,5,NULL,NULL,'ye6ttiSCMwosP',489186,'EfDx53YadcmBQFObsmK','tIeRBHAKO1pZzUmpOpGUfCGEeddmZrQQRAzwRHQmfzr16KUk2V6VkW5i2hMxwi2H0x76M45Kky13UWHigsHoMzk27St');
 
 
INSERT INTO "location" ("location_id","country_id","location_type_id","location_source_id","municipality_id","location_code","location_no","post_code","name") VALUES (8,1,6,NULL,NULL,'HnqEzCrbRELff3NRXeo3SCKk2ypZTVSDSTcI',204164,'DW0ungdmX','RoBcI0oXjApUZdysfB3PwM1QT8FO53s3VQKfH8U2yuJPJcnzJr0RGXdFFoahXVyCznhWjVUyYisOWzCYJfr');
 
 
INSERT INTO "location" ("location_id","country_id","location_type_id","location_source_id","municipality_id","location_code","location_no","post_code","name") VALUES (9,2,1,NULL,NULL,'mxJbkmGiBtPwjefCu0uyCWi5bZOoR',NULL,'mVkJquOiIYLhxbmnss0KVIkqZ1QuAtNJlzmS6ehwFDTMCnt','uNYOBa4lGtpAIQEi24UiUejmla');
 
 
INSERT INTO "location" ("location_id","country_id","location_type_id","location_source_id","municipality_id","location_code","location_no","post_code","name") VALUES (10,9,7,NULL,NULL,'SL3FnJeDKMydTm',673162,'zR3','GVONYz1J1LFfpIhejlNpJc7T0ZEEvwvkqA8ahEdBwosJKoGp2QsgeS8Cv0mfRHisEllJHw6DdNH1onOqP5gCvIoS8nIBqQ');