INSERT INTO "country" ("country_id","name","two_char_code","three_char_code","call_code","is_active") VALUES (1,'DYXFANzqTNMQvU','O','0',NULL,1);
INSERT INTO "country" ("country_id","name","two_char_code","three_char_code","call_code","is_active") VALUES (2,'EaAC4GYerQ5OSl4lZ8','L3','0',NULL,0);
INSERT INTO "country" ("country_id","name","two_char_code","three_char_code","call_code","is_active") VALUES (3,'MopwhiT7QwJ5k00Ep5T0BlmjmOQ4rNXr81RUCEa7e6HgTLChx','5','k4','12PDJfw0ZQ',1);
INSERT INTO "country" ("country_id","name","two_char_code","three_char_code","call_code","is_active") VALUES (4,'trCqbFtCdjq4wJGZsKIQSWwaLT6L4ghbGLzb6wTtBC2SBnx','sk','R','MWEUBtbtU',1);
INSERT INTO "country" ("country_id","name","two_char_code","three_char_code","call_code","is_active") VALUES (5,'QT506q38f6TvdAnLWoWXCSSUV6lopPGZlHrCpakNoq','Wg','V',NULL,0);
INSERT INTO "country" ("country_id","name","two_char_code","three_char_code","call_code","is_active") VALUES (6,'d','Tz','1','1',0);
INSERT INTO "country" ("country_id","name","two_char_code","three_char_code","call_code","is_active") VALUES (7,'sOc','8','5h','GC7I3',0);
INSERT INTO "country" ("country_id","name","two_char_code","three_char_code","call_code","is_active") VALUES (8,'rPzcpdbQ','V','M','VoGTOf6',0);
INSERT INTO "country" ("country_id","name","two_char_code","three_char_code","call_code","is_active") VALUES (9,'Vad7wySIT87zwsZD101XnNXHi1C21e4tPtEgID','e','s',NULL,0);
INSERT INTO "country" ("country_id","name","two_char_code","three_char_code","call_code","is_active") VALUES (10,'JOcqvt35pXTB4FsajiRHzNKub1hWqKoT','d','GR','0Jen',1);






INSERT INTO "ship_flag_code" ("ship_flag_code_id","country_id","name","description") VALUES (1,1,'3','Description number 9095260');
INSERT INTO "ship_flag_code" ("ship_flag_code_id","country_id","name","description") VALUES (2,1,'G','Description number 7685357');
INSERT INTO "ship_flag_code" ("ship_flag_code_id","country_id","name","description") VALUES (3,2,'EX7','This is a description 2452510');
INSERT INTO "ship_flag_code" ("ship_flag_code_id","country_id","name","description") VALUES (4,2,'Oe6','This is a description 8444210');
INSERT INTO "ship_flag_code" ("ship_flag_code_id","country_id","name","description") VALUES (5,3,'Bvt','Description number 9414583');
INSERT INTO "ship_flag_code" ("ship_flag_code_id","country_id","name","description") VALUES (6,3,'m','Description number 5911342');
INSERT INTO "ship_flag_code" ("ship_flag_code_id","country_id","name","description") VALUES (7,4,'KUQ','Description number 5365666');
INSERT INTO "ship_flag_code" ("ship_flag_code_id","country_id","name","description") VALUES (8,4,'CI','Description number 1433269');
INSERT INTO "ship_flag_code" ("ship_flag_code_id","country_id","name","description") VALUES (9,5,'S','Description number 9789297');
INSERT INTO "ship_flag_code" ("ship_flag_code_id","country_id","name","description") VALUES (10,5,'fo','This is a description 6903704');
 



 
INSERT INTO "ship_hull_type" ("ship_hull_type_id","name","description") VALUES (1,'K2F8MRv065GF7Vjoh0iJJ4DbDEtDCZQ46hzYont',NULL);
INSERT INTO "ship_hull_type" ("ship_hull_type_id","name","description") VALUES (2,'W','Description number 3605767');
INSERT INTO "ship_hull_type" ("ship_hull_type_id","name","description") VALUES (3,'bzD8rhpiD2BLA2FFkwMppoudwi3GshSg6dqxZJ06qER','Description number 1344330');
INSERT INTO "ship_hull_type" ("ship_hull_type_id","name","description") VALUES (4,'k','Description number 8076160');
INSERT INTO "ship_hull_type" ("ship_hull_type_id","name","description") VALUES (5,'RuvPPTLyWAqdG','Description number 1096725');
INSERT INTO "ship_hull_type" ("ship_hull_type_id","name","description") VALUES (6,'3GRpg','Description number 7622495');
INSERT INTO "ship_hull_type" ("ship_hull_type_id","name","description") VALUES (7,'ddcOSKNDuW2eKaYwby2mPTInKctvgLItLC3Vjm08','This is a description 0593713');
INSERT INTO "ship_hull_type" ("ship_hull_type_id","name","description") VALUES (8,'5uro8QAP083yBhFwaNF',NULL);
INSERT INTO "ship_hull_type" ("ship_hull_type_id","name","description") VALUES (9,'bUx','This is a description 7277260');
INSERT INTO "ship_hull_type" ("ship_hull_type_id","name","description") VALUES (10,'xxMWn08dBxRSl67vuVcFwnbZr4It3RpQ2NP4A3oZOLBM6ce','Description number 3158943');
 



INSERT INTO "ship_status" ("ship_status_id","name","description") VALUES (1,'jg5NxN4lHyAC1rbIBzOaRH3mBzGxwsUCI','Description number 9087737');
INSERT INTO "ship_status" ("ship_status_id","name","description") VALUES (2,'i5klckFfdfEUU','This is a description 7467043');
INSERT INTO "ship_status" ("ship_status_id","name","description") VALUES (3,'6RYi48DgdReFg5pP','This is a description 7789004');
INSERT INTO "ship_status" ("ship_status_id","name","description") VALUES (4,'um7zENNaZyTD1GwFYYboq2BNGRgaj4V4e','Description number 9728244');
INSERT INTO "ship_status" ("ship_status_id","name","description") VALUES (5,'U5glEqsJDOrBWQXh8P5RQFLOOxSJJnE','Description number 3468698');
INSERT INTO "ship_status" ("ship_status_id","name","description") VALUES (6,'HksFnzXUyvQQQbuWlVVBeCJna1K5NqEkvQZc0z1lYKIflz',NULL);
INSERT INTO "ship_status" ("ship_status_id","name","description") VALUES (7,'wg5H0YvBlQiKROJ4XiMp3c7tgG','This is a description 5986914');
INSERT INTO "ship_status" ("ship_status_id","name","description") VALUES (8,'djybiaIvMLONpDzaDEL7goMX6PImHnjIkrbFZzFaUP2','Description number 9519104');
INSERT INTO "ship_status" ("ship_status_id","name","description") VALUES (9,'h1UYOox8D','This is a description 2304831');
INSERT INTO "ship_status" ("ship_status_id","name","description") VALUES (10,'AsdnXBmkARtxxlXuLakKLiS8',NULL);
 




INSERT INTO "ship_type_group" ("ship_type_group_id","ship_type_group_code","name","description") VALUES (1,NULL,'rM7JF','This is a description 8225253');
INSERT INTO "ship_type_group" ("ship_type_group_id","ship_type_group_code","name","description") VALUES (2,'HGN','aEPWG51E7XZ65Hqtd4E1Wjni','Description number 8497595');
INSERT INTO "ship_type_group" ("ship_type_group_id","ship_type_group_code","name","description") VALUES (3,NULL,'MpVSp5qtp6qI8KfqpjBtzSIuW4Hvj86YW6ALo4TbOki0fV35lD',NULL);
INSERT INTO "ship_type_group" ("ship_type_group_id","ship_type_group_code","name","description") VALUES (4,NULL,'yVlPGQQbUnfwJVvxPMQzW4mTs8tJkiJo12HxSEtzoX',NULL);
INSERT INTO "ship_type_group" ("ship_type_group_id","ship_type_group_code","name","description") VALUES (5,NULL,'6zhiTWBkq4DJMaRMOVsX72YU3No3NhMAMiMxNrK6Ug','This is a description 2957804');
INSERT INTO "ship_type_group" ("ship_type_group_id","ship_type_group_code","name","description") VALUES (6,NULL,'toEUn2',NULL);
INSERT INTO "ship_type_group" ("ship_type_group_id","ship_type_group_code","name","description") VALUES (7,'QizqD','rb35vEHDleDkCHeLjMT0ZXFJmXDxb1S','This is a description 9600920');
INSERT INTO "ship_type_group" ("ship_type_group_id","ship_type_group_code","name","description") VALUES (8,'i','tMvsgsdWArYkT1q6anxLJ1lYIe','Description number 1623715');
INSERT INTO "ship_type_group" ("ship_type_group_id","ship_type_group_code","name","description") VALUES (9,'FtjVSOpY','3Sw1NfrUGLXOHxid8O2dwEQodKH76NfB','Description number 3360286');
INSERT INTO "ship_type_group" ("ship_type_group_id","ship_type_group_code","name","description") VALUES (10,'b','GcktLC88pVt7Us4','Description number 7044659');
 






 
INSERT INTO "ship_type" ("ship_type_id","ship_type_group_id","name","description") VALUES (1,1,'o','This is a description 1061761');
INSERT INTO "ship_type" ("ship_type_id","ship_type_group_id","name","description") VALUES (2,1,NULL,NULL);
INSERT INTO "ship_type" ("ship_type_id","ship_type_group_id","name","description") VALUES (3,2,'wrIrpyF51f4dWvG',NULL);
INSERT INTO "ship_type" ("ship_type_id","ship_type_group_id","name","description") VALUES (4,2,'lFm4QpZ8wqWIWjDE1Wu8vbn56fme','Description number 9115429');
INSERT INTO "ship_type" ("ship_type_id","ship_type_group_id","name","description") VALUES (5,3,NULL,'This is a description 0415643');
INSERT INTO "ship_type" ("ship_type_id","ship_type_group_id","name","description") VALUES (6,3,NULL,'This is a description 2004371');
INSERT INTO "ship_type" ("ship_type_id","ship_type_group_id","name","description") VALUES (7,4,'HwgzhNmGwPRZtWkSUVquCRow5vmamxcX','Description number 6268811');
INSERT INTO "ship_type" ("ship_type_id","ship_type_group_id","name","description") VALUES (8,4,'TfJgbUcg1BmsDf3ibi76Kcbt6k4lnaIWiGt28I0L0NVH2qxYE8','Description number 2082465');
INSERT INTO "ship_type" ("ship_type_id","ship_type_group_id","name","description") VALUES (9,5,'E37GTx7YLUEi5ENlJ2LxUFUlWo3W3IZY6RpQu4Qqx6l','This is a description 4582731');
INSERT INTO "ship_type" ("ship_type_id","ship_type_group_id","name","description") VALUES (10,5,'J4OzgDt5uueqh1mOHiyQ82Iss0jWg','This is a description 9818257');



INSERT INTO "ship" ("ship_id", "ship_hull_type_id", "ship_status_id", "ship_flag_code_id", "ship_type_id", "name", "call_sign", "imo_no", "mmsi_no") VALUES (1, 1, 1, 1, 1, '9823htw9athslarhsta98w43tharsyu', 'aresntaoinrftpurfwantrunsrruynsroi', 'phfluphwuthr98s32wj894jw8htsrst', 'fwpqwfpqwfpqwfp');
INSERT INTO "ship" ("ship_id", "ship_hull_type_id", "ship_status_id", "ship_flag_code_id", "ship_type_id", "name", "call_sign", "imo_no", "mmsi_no") VALUES (2, 2, 2, 2, 2, 'wfpartarst', 'aresntaoinrftpurfwantrunsrruynsroi', 'rstdrfpdrstvrstdrstpj', 'jpgjfpgjfpgjfpgj');
INSERT INTO "ship" ("ship_id", "ship_hull_type_id", "ship_status_id", "ship_flag_code_id", "ship_type_id", "name", "call_sign", "imo_no", "mmsi_no") VALUES (3, 3, 3, 3, 3, '8923hprlushtyrashtar9hst43838p', 'rstdrstdrsdp', '345345dstdrstdrfprstd', 'gjlugjlugjlu');
INSERT INTO "ship" ("ship_id", "ship_hull_type_id", "ship_status_id", "ship_flag_code_id", "ship_type_id", "name", "call_sign", "imo_no", "mmsi_no") VALUES (4, 4, 4, 4, 4, 'awlp 98tla98rtnuierasnt', 'fpgfpgrstdrstd', 'rsgdw54fdtdrsdyrun9w84g', '345234pgpfdgpdg');
INSERT INTO "ship" ("ship_id", "ship_hull_type_id", "ship_status_id", "ship_flag_code_id", "ship_type_id", "name", "call_sign", "imo_no", "mmsi_no") VALUES (5, 5, 5, 5, 5, 'ariestnayrutlar3tl4t', 'rfpstgdrstdrstdsr', 'ra0sftnarusytanrustn', 'rfstdf5dfrsdd');
INSERT INTO "ship" ("ship_id", "ship_hull_type_id", "ship_status_id", "ship_flag_code_id", "ship_type_id", "name", "call_sign", "imo_no", "mmsi_no") VALUES (6, 6, 6, 6, 6, 'gfyunpgf9pgnfpd8h9pfds', 'dgpfdpgdhpth', 'qw89hftarstns', 'fpjffpgjfpgjs');
INSERT INTO "ship" ("ship_id", "ship_hull_type_id", "ship_status_id", "ship_flag_code_id", "ship_type_id", "name", "call_sign", "imo_no", "mmsi_no") VALUES (7, 7, 7, 7, 7, 'nrsdfpgwfpgwfpg', 'arstart4ftv', 'atrwf4tarfstawfrtf', 'nhidhnidhnededhrpfj');
INSERT INTO "ship" ("ship_id", "ship_hull_type_id", "ship_status_id", "ship_flag_code_id", "ship_type_id", "name", "call_sign", "imo_no", "mmsi_no") VALUES (8, 8, 8, 8, 8, 'stednirsdt09rnstd', 'rfsdrstdrdp5dsrd', 'artaw4ftfarst', 'rp6srghp6hsgstdh');
INSERT INTO "ship" ("ship_id", "ship_hull_type_id", "ship_status_id", "ship_flag_code_id", "ship_type_id", "name", "call_sign", "imo_no", "mmsi_no") VALUES (9, 9, 9, 9, 9, 'arstna0w9tnarsarsineingpg', '45324tfwpdtrstdrstdr', 'aw45pawstartaw43fptarft', 'rpfgjp5rfhxsthsth');
INSERT INTO "ship" ("ship_id", "ship_hull_type_id", "ship_status_id", "ship_flag_code_id", "ship_type_id", "name", "call_sign", "imo_no", "mmsi_no") VALUES (10, 10, 10, 10, 10, '93084ph9fwpdgfp9dnustdn', '43gwfdrstdrstdrstd', 'arstawtftarstarst', 'yuiliyluuyiuhd');

